Miejscowosc;Termin;Cena;LiczbaOsob
Ostrawa;2026-08-27;1203;20
Marrakesz;2026-07-25;771;18
Szanghaj;2026-05-11;2433;14
Bruksela;2026-05-10;2618;26
Porto;2026-06-18;1152;2
Paryż;2025-12-16;2665;15
Split;2025-12-22;2432;9
Hurghada;2026-10-13;1102;14
Sztokholm;2026-03-18;226;2
Oslo;2026-01-07;853;8
Praga;2026-07-20;1081;6
Oslo;2026-01-07;1578;16
Tokio;2026-01-01;1608;12
Sydney;2025-11-05;1283;10
Split;2026-02-13;1750;7
Bruksela;2026-06-29;2461;7
Warszawa;2026-01-24;1681;4
Antwerpia;2026-05-19;987;6
Hammamet;2025-12-17;1385;21
Bruksela;2026-06-29;1153;18
Tokio;2025-11-09;1694;8
Genewa;2026-03-11;1716;27
Hammamet;2026-10-09;2999;22
Walencja;2026-06-27;492;23
Sydney;2025-11-05;1202;6
Genewa;2026-03-11;2093;13
Monachium;2026-06-11;2481;2
Marrakesz;2026-07-25;1528;24
Cork;2026-07-17;331;4
Praga;2026-10-09;1843;9
Ostrawa;2025-12-02;2523;44
Hammamet;2026-02-02;1488;16
Casablanca;2026-05-06;2833;2
Gdańsk;2026-07-24;785;9
Osaka;2026-10-15;2407;27
Osaka;2026-10-15;2594;29
Porto;2026-06-18;1098;3
Dublin;2025-11-14;2287;14
Warszawa;2025-12-25;649;20
Rzym;2026-01-29;2770;8
Genewa;2026-03-11;460;23
Monachium;2026-08-08;1763;4
Sydney;2026-05-12;2466;31
Ostrawa;2026-07-29;2986;24
Praga;2026-02-06;1292;13
Cork;2026-07-17;2825;6
Dublin;2026-01-09;2058;9
Ostrawa;2025-12-18;1278;12
Paryż;2025-12-16;635;15
Ostrawa;2025-12-08;1422;7
Ostrawa;2026-08-27;1731;9
Oslo;2026-01-07;861;14
Los Angeles;2026-06-03;202;12
Sydney;2026-05-12;1527;15
Warszawa;2026-05-30;1459;31
Ateny;2026-05-18;437;18
Ateny;2026-05-18;550;28
Praga;2026-06-25;2190;8
Pekin;2026-10-03;715;13
Dublin;2026-03-15;2902;14
Walencja;2026-04-13;2361;26
Sydney;2025-11-05;1933;9
Casablanca;2026-05-06;1023;4
Hammamet;2026-02-02;1476;8
Bruksela;2026-07-17;1994;14
Kair;2026-04-03;2049;6
Bergen;2026-10-27;286;17
Rzym;2026-10-20;2468;25
Marrakesz;2026-09-06;2784;4
Lizbona;2026-05-05;1137;16
Pekin;2026-10-03;490;14
Paryż;2026-01-13;1174;12
Ostrawa;2026-03-12;741;9
Praga;2026-02-06;2538;6
Antwerpia;2026-05-19;1867;4
Marrakesz;2026-09-08;586;26
Tokio;2025-11-09;1883;10
Gdańsk;2026-10-20;421;16
Melbourne;2026-06-07;448;7
Bruksela;2026-07-17;1589;4
Tokio;2026-01-01;2037;11
Dublin;2025-11-14;1928;24
Paryż;2026-07-16;508;23
Sztokholm;2026-05-30;2454;30
Tokio;2025-11-09;260;26
Bruksela;2026-05-10;1168;28
Genewa;2026-01-16;1842;2
Lizbona;2026-05-05;874;21
Monachium;2026-06-11;2063;4
Warszawa;2026-06-15;1932;15
Praga;2026-07-20;2476;17
Osaka;2026-02-27;2193;9
Rzym;2026-01-29;439;8
Rzym;2026-10-10;2420;15
Lizbona;2026-05-05;2592;16
Walencja;2026-04-13;2259;17
Kair;2025-12-15;528;11
Paryż;2026-07-16;480;45
Sydney;2026-05-12;1853;36
Bergen;2026-10-27;2533;22
Ateny;2026-04-10;535;15
Hurghada;2026-10-13;2892;18
Rzym;2026-10-10;1268;8
Casablanca;2026-01-22;2943;4
Hammamet;2026-02-02;736;10
Osaka;2026-07-12;2843;21
Melbourne;2026-02-16;497;2
Ostrawa;2026-07-29;2077;30
Gdańsk;2026-08-18;500;7
Los Angeles;2026-03-27;1073;24
Paryż;2025-12-16;481;13
Ateny;2026-04-10;1713;32
Warszawa;2026-06-15;1439;21
Gdańsk;2026-09-22;2878;15
Kair;2025-12-15;1426;13
Osaka;2026-02-27;624;14
Dublin;2025-11-14;2466;18
Rzym;2026-01-29;1315;13
Warszawa;2026-06-15;1033;7
Melbourne;2025-11-27;2797;3
Osaka;2026-10-15;408;13
Bruksela;2026-05-10;2798;18
Porto;2026-06-18;1566;2
Cork;2026-07-17;735;4
Ostrawa;2026-08-27;2009;16
Nowy Jork;2026-06-13;1951;22
Nowy Jork;2025-11-12;810;28
Los Angeles;2026-06-03;347;6
Wenecja;2026-07-02;722;10
Split;2026-02-13;1462;7
Wenecja;2026-02-21;363;31
Hammamet;2026-10-09;1060;12
Melbourne;2025-11-27;2493;6
Hurghada;2026-04-18;2742;26
Szanghaj;2026-06-13;865;22
Paryż;2026-07-27;1888;5
Split;2025-12-22;1886;31
Osaka;2026-07-12;1216;30
Ostrawa;2025-12-02;1766;32
Split;2026-10-21;2127;15
Marrakesz;2026-07-25;1632;16
Melbourne;2026-03-20;1132;26
Marrakesz;2026-07-25;1544;16
Ostrawa;2026-03-12;484;11
Cork;2026-07-17;1837;4
Melbourne;2026-06-07;2396;17
Dublin;2025-12-06;1269;27
Paryż;2026-07-27;2578;2
Osaka;2026-10-15;1615;29
Praga;2026-06-25;1484;28
Porto;2026-01-26;1777;2
Antwerpia;2026-05-19;978;9
Osaka;2026-01-08;2329;7
Los Angeles;2026-03-27;2946;27
Marrakesz;2026-08-05;2920;8
Dublin;2025-12-06;2752;25
Praga;2026-10-09;1430;11
Paryż;2025-12-16;1466;12
Osaka;2026-07-12;1411;10
Nowy Jork;2026-06-13;721;28
Marrakesz;2026-09-08;2974;3
Szanghaj;2026-06-13;912;21
Gdańsk;2026-09-22;201;5
Melbourne;2026-02-16;1375;15
Casablanca;2026-01-22;2881;2
Praga;2026-08-22;2104;7
Sztokholm;2026-05-30;2138;17
Szanghaj;2026-05-11;895;10
Osaka;2026-02-27;2792;19
Gdańsk;2026-08-18;1572;4
Bruksela;2026-05-10;2955;24
Melbourne;2026-03-20;1120;5
Marrakesz;2026-08-05;2146;10
Gdańsk;2026-09-22;498;10
Gdańsk;2026-07-24;996;7
Hammamet;2026-02-02;1772;16
Warszawa;2025-12-25;222;15
Oslo;2026-09-04;636;23
Cork;2026-03-16;2321;7
Gdańsk;2026-10-20;405;26
Nowy Jork;2025-11-12;2069;25
Dublin;2025-11-14;2103;34
Osaka;2026-07-12;1499;8
Oslo;2026-09-04;2012;18
Gdańsk;2026-09-22;1947;12
Nowy Jork;2026-06-13;2026;5
Genewa;2026-03-11;1261;20
Oslo;2026-09-04;1212;11
Ostrawa;2026-08-27;2184;11
Ostrawa;2025-12-08;1179;24
Ostrawa;2026-03-12;1160;4
Ostrawa;2025-12-02;1575;30
Praga;2026-10-09;817;14
Marrakesz;2026-09-06;1768;4
Praga;2026-04-04;1899;18
Hurghada;2026-04-18;1555;27
Los Angeles;2026-06-03;1920;5
Monachium;2026-08-08;2592;8
Praga;2026-07-20;2558;15
Monachium;2026-06-11;2153;3
Ostrawa;2025-12-18;1797;13
Hurghada;2026-10-13;2404;17
Szanghaj;2026-06-13;1103;13
Warszawa;2026-05-30;1098;4
Ostrawa;2025-12-02;1576;22
Osaka;2026-07-12;2981;17
Bruksela;2026-07-17;722;7
Gdańsk;2026-08-18;2387;1
Split;2025-12-22;2915;32
Split;2025-12-22;543;15
Walencja;2026-06-27;944;4
Lizbona;2025-11-14;1265;19
Monachium;2026-06-11;1582;2
Oslo;2026-01-07;1752;20
Ostrawa;2026-03-12;1233;11
Bruksela;2026-06-29;2126;3
Split;2026-03-29;1633;3
Marrakesz;2026-07-25;2862;11
Pekin;2026-10-03;327;10
Ateny;2026-04-10;1016;7
Split;2026-03-29;2139;3
Osaka;2026-07-12;668;13
Antwerpia;2026-08-23;1249;32
Cork;2026-07-17;1710;3
Genewa;2026-01-16;669;1
Cork;2026-03-16;870;3
Melbourne;2026-03-20;1477;15
Antwerpia;2026-05-19;2974;13
Monachium;2026-06-11;511;1
Rzym;2026-10-20;2769;31
Ateny;2026-04-10;2659;26
Bergen;2026-10-27;2518;23
Split;2026-02-13;1717;6
Pekin;2026-10-03;2272;12
Walencja;2026-06-27;2207;10
Tokio;2026-01-01;1975;18
Wenecja;2026-02-21;826;10
Porto;2026-01-26;921;1
Praga;2026-06-25;2722;10
Los Angeles;2026-03-27;2180;22
Gdańsk;2026-10-20;1299;9
Praga;2026-08-22;1205;7
Bruksela;2026-05-10;2103;17
Antwerpia;2026-08-23;2699;32
Osaka;2026-07-12;1531;15
Paryż;2026-07-16;2197;26
Casablanca;2026-05-06;1345;2
Sydney;2026-05-12;1331;26
Nowy Jork;2025-11-12;550;49
Ateny;2026-05-18;1864;17
Warszawa;2026-05-30;2150;11
Walencja;2026-06-27;2210;16
Sztokholm;2026-03-18;1107;6
Bruksela;2026-07-17;1196;7
Melbourne;2026-03-20;2467;11
Kair;2025-12-15;1608;5
Porto;2026-06-18;1641;3
Praga;2026-07-20;2058;8
Ostrawa;2025-12-02;988;22
Praga;2026-10-09;689;16
Szanghaj;2026-06-13;958;5
Marrakesz;2026-09-08;1086;19
Szanghaj;2026-05-11;2348;3
Sydney;2026-05-12;1359;22
Tokio;2025-11-09;1678;15
Paryż;2026-07-27;1438;2
Ostrawa;2026-07-29;386;23
Lizbona;2025-11-14;2466;11
Warszawa;2026-01-24;2210;3
Tokio;2026-01-01;250;8
Antwerpia;2026-05-19;1595;11
Paryż;2026-07-16;410;35
Osaka;2026-01-08;467;7
Bruksela;2026-07-17;2214;7
Pekin;2026-06-08;821;3
Rzym;2026-01-29;2505;5
Melbourne;2026-02-16;2485;23
Oslo;2026-01-07;1904;16
Sydney;2025-11-05;2340;5
Monachium;2026-06-11;2045;2
Sztokholm;2026-05-30;1956;19
Melbourne;2026-03-20;2529;21
Gdańsk;2026-08-18;606;6
Oslo;2026-01-07;1051;19
Ostrawa;2025-12-08;843;16
Ateny;2026-05-18;911;25
Nowy Jork;2026-06-13;2045;23
Praga;2026-04-04;2632;16
Walencja;2026-04-13;1358;20
Praga;2026-07-20;2059;10
Pekin;2026-06-08;2760;5
Rzym;2026-10-20;2908;3
Marrakesz;2026-08-05;2852;5
Rzym;2026-01-29;1288;9
Rzym;2026-01-24;1459;25
Sydney;2026-05-12;2531;23
Warszawa;2026-06-15;1445;9
Praga;2026-07-20;1848;9
Ostrawa;2025-12-02;529;13
Sydney;2026-05-12;363;20
Porto;2026-01-26;305;3
Bruksela;2026-05-10;1137;8
Melbourne;2026-06-07;284;14
Oslo;2026-01-07;2953;7
Ostrawa;2025-12-02;917;9
Walencja;2026-04-13;2325;15
Walencja;2026-05-09;2597;2
Porto;2026-01-26;2800;4
Warszawa;2026-05-30;1872;23
Dublin;2025-12-06;1515;20
Osaka;2026-07-12;1886;19
Praga;2026-04-04;2229;18
Warszawa;2026-06-15;2453;12
Split;2026-10-21;2062;6
Bruksela;2026-05-10;1855;16
Paryż;2026-01-13;204;29
Osaka;2026-02-27;422;18
Marrakesz;2026-09-08;2323;15
Wenecja;2026-02-21;2010;13
Oslo;2026-01-07;411;9
Casablanca;2026-01-22;1379;4
Sztokholm;2026-05-30;2185;28
Bergen;2026-10-27;1180;26
Hammamet;2025-12-17;848;15
Melbourne;2026-03-20;581;7
Marrakesz;2026-07-25;664;10
Gdańsk;2026-10-20;830;36
Warszawa;2025-12-25;1395;15
Paryż;2026-01-13;2176;19
Walencja;2026-04-13;1198;13
Gdańsk;2026-07-24;2655;9
Paryż;2026-01-13;759;19
Pekin;2026-10-03;1899;7
Dublin;2026-01-09;2279;11
Ostrawa;2025-12-02;1422;27
Rzym;2026-10-20;2575;15
Osaka;2026-02-27;2406;10
Walencja;2026-04-13;1613;20
Dublin;2025-12-06;2065;12
Praga;2026-08-22;972;5
Praga;2026-07-20;1882;8
Split;2026-02-13;1503;11
Szanghaj;2026-06-13;1761;1
Monachium;2026-08-08;2918;9
Walencja;2026-05-09;351;5
Dublin;2026-03-15;2257;14
Rzym;2026-10-20;2003;20
Tokio;2025-11-09;2354;15
Gdańsk;2026-07-24;2881;17
Rzym;2026-01-29;506;7
Walencja;2026-04-13;2752;23
Praga;2026-04-04;1828;11
Walencja;2026-05-09;2962;4
Los Angeles;2026-03-27;1756;28
Praga;2026-10-09;2198;5
Los Angeles;2026-06-03;347;2
Gdańsk;2026-08-18;1377;5
Marrakesz;2026-09-06;570;6
Porto;2026-01-26;611;6
Sztokholm;2026-05-30;881;21
Praga;2026-04-04;1528;15
Lizbona;2026-05-05;1401;18
Hammamet;2026-10-09;2375;17
Hurghada;2026-04-18;2518;26
Melbourne;2025-11-27;523;6
Gdańsk;2026-09-22;1766;7
Gdańsk;2026-08-18;2588;2
Rzym;2026-01-24;1151;12
Gdańsk;2026-10-20;2931;16
Ostrawa;2026-07-29;2105;16
Warszawa;2026-06-15;2009;13
Hammamet;2026-02-19;2606;19
Melbourne;2026-02-16;1224;13
Gdańsk;2026-07-24;1437;9
Marrakesz;2026-08-05;636;16
Ateny;2026-05-18;1762;16
Antwerpia;2026-05-19;1409;10
Split;2026-03-29;2896;5
Bruksela;2026-03-17;400;4
Sydney;2025-11-05;2234;15
Warszawa;2026-06-15;1643;16
Marrakesz;2026-07-25;2807;9
Marrakesz;2026-09-08;2900;13
Melbourne;2025-11-27;760;3
Ostrawa;2025-12-08;361;21
Melbourne;2026-03-20;2005;19
Split;2026-10-21;569;4
Warszawa;2026-01-24;1538;2
Szanghaj;2026-06-13;2409;11
Wenecja;2026-02-21;2374;22
Paryż;2025-12-16;1252;24
Walencja;2026-04-13;1408;12
Szanghaj;2026-06-13;2118;22
Pekin;2026-06-08;776;4
Oslo;2026-09-04;2962;37
Bruksela;2026-03-17;2482;4
Wenecja;2026-02-21;1283;26
Los Angeles;2026-03-27;706;29
Gdańsk;2026-07-24;1273;7
Rzym;2026-10-10;1760;17
Ostrawa;2026-08-27;1157;15
Walencja;2026-04-13;302;20
Gdańsk;2026-08-18;2698;4
Marrakesz;2026-07-25;2852;8
Pekin;2026-10-03;1437;6
Walencja;2026-05-09;1872;2
Bergen;2026-07-20;1446;38
Warszawa;2025-12-25;675;32
Tokio;2025-11-09;1791;13
Gdańsk;2026-07-24;1719;21
Osaka;2026-07-12;2412;26
Hurghada;2026-10-13;2605;15
Szanghaj;2026-06-13;2882;13
Tokio;2025-11-09;2204;2
Gdańsk;2026-09-22;334;1
Praga;2026-04-04;1717;24
Casablanca;2026-05-06;1685;1
Tokio;2025-11-09;1704;17
Los Angeles;2026-06-03;448;9
Bruksela;2026-03-17;1330;3
Marrakesz;2026-09-08;2062;45
Bruksela;2026-05-10;2914;15
Casablanca;2026-05-06;287;1
Lizbona;2025-11-14;1566;8
Ateny;2026-04-10;1040;28
Pekin;2026-10-03;2470;8
Casablanca;2026-01-22;1154;1
Dublin;2025-12-06;804;14
Sydney;2026-05-12;792;37
Dublin;2026-03-15;2412;15
Osaka;2026-01-08;305;5
Dublin;2026-03-15;260;12
Hammamet;2026-10-09;1526;22
Split;2026-03-29;913;2
Osaka;2026-10-15;2354;31
Bergen;2026-07-20;460;28
Walencja;2026-04-13;2631;14
Tokio;2026-01-01;2051;12
Paryż;2025-12-16;2898;16
Kair;2026-04-03;1435;10
Gdańsk;2026-07-24;2161;13
Bruksela;2026-07-17;1946;8
Melbourne;2025-11-27;2016;9
Pekin;2026-06-08;530;11
Praga;2026-08-22;1326;5
Gdańsk;2026-08-18;2793;3
Rzym;2026-10-10;2646;7
Kair;2025-12-15;1407;6
Gdańsk;2026-07-24;668;8
Walencja;2026-05-09;2866;3
Cork;2026-07-17;1961;1
Sztokholm;2026-03-18;1135;4
Hurghada;2026-04-18;1903;17
Praga;2026-06-25;589;34
Praga;2026-10-09;1733;6
Rzym;2026-01-29;2142;9
Pekin;2026-10-03;1968;10
Tokio;2025-11-09;1726;14
Dublin;2026-03-15;2500;7
Nowy Jork;2025-11-12;1550;20
Osaka;2026-07-12;2925;20
Oslo;2026-09-04;1932;26
Praga;2026-02-06;1479;10
Hammamet;2026-10-09;624;23
Antwerpia;2026-05-19;2175;9
Marrakesz;2026-07-25;643;12
Hammamet;2026-02-19;1341;30
Antwerpia;2026-05-19;1126;8
Porto;2026-06-18;2746;4
Gdańsk;2026-09-22;2964;1
Walencja;2026-06-27;2894;8
Praga;2026-04-04;1295;12
Split;2025-12-22;1465;28
Dublin;2026-01-09;1637;10
Ostrawa;2025-12-18;2892;10
Bruksela;2026-07-17;485;10
Rzym;2026-01-24;575;19
Szanghaj;2026-06-13;2372;1
Casablanca;2026-05-06;844;2
Wenecja;2026-07-02;1476;17
Praga;2026-02-06;2642;4
Bruksela;2026-06-29;415;27
Rzym;2026-01-29;2960;9
Bruksela;2026-06-29;1314;21
Sztokholm;2026-05-30;2010;17
Hurghada;2026-10-13;1318;11
Casablanca;2026-05-06;1960;3
Bergen;2026-07-20;1360;18
Melbourne;2026-06-07;2932;9
Melbourne;2026-03-20;386;8
Marrakesz;2026-07-25;231;7
Casablanca;2026-01-22;1434;6
Casablanca;2026-05-06;1385;3
Praga;2026-08-22;691;1
Ostrawa;2025-12-18;729;5
Monachium;2026-06-11;2381;3
Hammamet;2025-12-17;2936;14
Hammamet;2026-10-09;495;31
Bruksela;2026-03-17;276;5
Gdańsk;2026-07-24;518;13
Praga;2026-10-09;2822;6
Hurghada;2026-10-13;1385;14
Bergen;2026-07-20;903;3
Gdańsk;2026-08-18;2084;5
Praga;2026-04-04;633;18
Ateny;2026-04-10;1984;15
Rzym;2026-10-20;1470;19
Szanghaj;2026-06-13;1590;16
Marrakesz;2026-07-25;2290;11
Ostrawa;2026-08-27;667;16
Kair;2025-12-15;1631;1
Hammamet;2026-02-19;2843;23
Rzym;2026-01-24;1008;21
Paryż;2026-07-27;2667;3
Rzym;2026-01-29;925;7
Cork;2026-07-17;2772;1
Warszawa;2025-12-25;2573;9
Sztokholm;2026-03-18;2989;6
Antwerpia;2026-08-23;1523;6
Ostrawa;2025-12-08;1494;1
Rzym;2026-01-29;2786;4
Melbourne;2026-02-16;1325;21
Rzym;2026-10-20;1471;32
Gdańsk;2026-10-20;2051;27
Split;2026-10-21;514;17
Walencja;2026-06-27;569;22
Gdańsk;2026-09-22;2577;6
Nowy Jork;2026-06-13;368;17
Sztokholm;2026-03-18;971;8
Praga;2026-08-22;2678;4
Walencja;2026-04-13;2045;1
Tokio;2026-01-01;1606;10
Hammamet;2026-02-02;360;18
Ateny;2026-04-10;1993;21
Sztokholm;2026-05-30;1690;10
Wenecja;2026-07-02;1358;11
Monachium;2026-08-08;2648;5
Lizbona;2025-11-14;2784;17
Walencja;2026-06-27;2485;14
Melbourne;2026-06-07;1783;15
Warszawa;2026-06-15;2668;15
Rzym;2026-01-29;1565;13
Bruksela;2026-06-29;1632;12
Melbourne;2026-03-20;2887;12
Praga;2026-07-20;547;7
Melbourne;2026-03-20;2489;11
Monachium;2026-06-11;723;2
Osaka;2026-07-12;2356;11
Bruksela;2026-05-10;1682;14
Split;2026-03-29;1685;2
Melbourne;2026-03-20;2191;16
Marrakesz;2026-09-08;1127;29
Dublin;2025-11-14;614;23
Paryż;2025-12-16;2410;19
Szanghaj;2026-05-11;1579;10
Cork;2026-07-17;2731;4
Dublin;2026-03-15;940;12
Praga;2026-04-04;2758;13
Genewa;2026-01-16;1692;3
Melbourne;2026-06-07;1172;10
Sztokholm;2026-05-30;2038;11
Marrakesz;2026-09-06;2387;2
Ateny;2026-05-18;2121;12
Marrakesz;2026-09-08;1706;39
Melbourne;2026-06-07;2091;23
Cork;2026-07-17;1354;2
Cork;2026-03-16;863;6
Marrakesz;2026-08-05;2676;12
Dublin;2025-11-14;2168;21
Wenecja;2026-07-02;2471;11
Tokio;2026-01-01;710;9
Warszawa;2026-06-15;543;8
Oslo;2026-01-07;2302;17
Rzym;2026-01-24;1991;28
Bruksela;2026-05-10;2047;24
Hammamet;2026-02-19;309;22
Hurghada;2026-10-13;1165;28
Monachium;2026-08-08;534;9
Wenecja;2026-07-02;605;13
Hammamet;2026-02-02;2862;16
Dublin;2025-12-06;1375;24
Walencja;2026-04-13;768;17
Oslo;2026-01-07;221;12
Bruksela;2026-06-29;277;8
Osaka;2026-01-08;2693;5
Kair;2025-12-15;1933;9
Bergen;2026-07-20;699;24
Lizbona;2025-11-14;1176;10
Hurghada;2026-10-13;457;12
Bergen;2026-07-20;2247;13
Sydney;2026-05-12;2555;9
Ateny;2026-05-18;788;14
Warszawa;2026-01-24;1185;1
Antwerpia;2026-05-19;1906;16
Paryż;2026-07-16;1677;22
Pekin;2026-10-03;2354;7
Los Angeles;2026-06-03;2469;1
Split;2026-03-29;1799;3
Walencja;2026-04-13;1729;30
Osaka;2026-01-08;266;5
Hammamet;2026-10-09;2891;22
Ostrawa;2025-12-08;624;9
Cork;2026-07-17;746;1
Split;2026-02-13;1643;5
Los Angeles;2026-06-03;2103;4
Praga;2026-07-20;2160;12
Ostrawa;2025-12-08;2074;15
Split;2026-10-21;1401;11
Marrakesz;2026-08-05;371;11
Praga;2026-10-09;1470;13
Paryż;2026-01-13;2139;9
Osaka;2026-01-08;349;7
Oslo;2026-09-04;395;16
Walencja;2026-05-09;1559;2
Ostrawa;2025-12-02;1838;31
Szanghaj;2026-06-13;2001;19
Monachium;2026-08-08;2237;6
Wenecja;2026-07-02;2326;15
Ostrawa;2025-12-02;523;29
Porto;2026-01-26;2667;1
Paryż;2026-07-16;527;16
Praga;2026-08-22;2907;5
Warszawa;2026-01-24;1945;2
Genewa;2026-01-16;2018;6
Hammamet;2026-02-19;1644;9
Gdańsk;2026-09-22;1981;11
Ostrawa;2026-03-12;434;6
Pekin;2026-06-08;2949;3
Ostrawa;2026-08-27;2982;8
Genewa;2026-03-11;327;26
Rzym;2026-01-24;1994;28
Split;2026-10-21;717;5
Pekin;2026-10-03;1683;9
Monachium;2026-08-08;2523;12
Split;2026-10-21;1719;5
Wenecja;2026-07-02;2018;8
Oslo;2026-01-07;1703;17
Bruksela;2026-03-17;1487;5
Walencja;2026-05-09;306;2
Szanghaj;2026-05-11;962;19
Warszawa;2025-12-25;682;2
Osaka;2026-10-15;1266;17
Hammamet;2025-12-17;1369;1
Praga;2026-04-04;2211;23
Marrakesz;2026-08-05;2051;14
Paryż;2026-07-27;2023;4
Bruksela;2026-05-10;1509;26
Osaka;2026-07-12;1623;1
Hammamet;2025-12-17;1428;20
Genewa;2026-03-11;2812;25
Paryż;2026-07-27;697;3
Marrakesz;2026-08-05;768;5
Ateny;2026-05-18;2469;16
Antwerpia;2026-05-19;1711;11
Gdańsk;2026-10-20;2706;27
Bruksela;2026-05-10;469;9
Melbourne;2026-03-20;2160;7
Kair;2025-12-15;1882;10
Cork;2026-07-17;713;2
Praga;2026-10-09;2831;16
Pekin;2026-06-08;1611;3
Dublin;2026-03-15;2458;18
Ostrawa;2026-08-27;728;5
Porto;2026-01-26;2259;2
Lizbona;2026-05-05;1445;21
Genewa;2026-01-16;863;2
Praga;2026-08-22;2325;7
Warszawa;2026-06-15;523;13
Osaka;2026-01-08;1324;6
Dublin;2026-03-15;2760;30
Melbourne;2026-02-16;2825;16
Genewa;2026-01-16;2624;3
Rzym;2026-10-10;2678;15
Dublin;2026-01-09;2508;10
Split;2026-02-13;386;8
Walencja;2026-06-27;2562;16
Osaka;2026-10-15;1906;11
Gdańsk;2026-08-18;2817;1
Split;2025-12-22;1386;9
Walencja;2026-06-27;1437;18
Walencja;2026-04-13;1863;20
Melbourne;2026-02-16;2057;31
Pekin;2026-06-08;1902;7
Walencja;2026-04-13;2102;16
Casablanca;2026-01-22;1507;4
Praga;2026-06-25;1614;29
Bruksela;2026-07-17;2500;11
Tokio;2026-01-01;1507;14
Ateny;2026-05-18;1215;11
Rzym;2026-01-24;596;22
Lizbona;2025-11-14;2720;13
Hurghada;2026-10-13;1216;26
Genewa;2026-03-11;1480;28
Marrakesz;2026-09-08;852;3
Warszawa;2025-12-25;1463;26
Warszawa;2025-12-25;294;18
Bruksela;2026-05-10;1186;27
Casablanca;2026-05-06;2589;2
Hammamet;2026-10-09;2647;27
Walencja;2026-05-09;2954;3
Walencja;2026-04-13;640;21
Porto;2026-01-26;748;4
Osaka;2026-10-15;1698;17
Split;2026-02-13;1840;2
Lizbona;2025-11-14;2466;11
Warszawa;2026-06-15;501;13
Monachium;2026-08-08;1345;2
Gdańsk;2026-08-18;2986;3
Gdańsk;2026-09-22;1813;17
Wenecja;2026-07-02;1588;22
Nowy Jork;2025-11-12;1015;40
Sydney;2025-11-05;2285;7
Bruksela;2026-07-17;761;7
Hammamet;2026-02-02;1564;12
Walencja;2026-04-13;2311;17
Dublin;2025-11-14;1543;18
Gdańsk;2026-09-22;2725;7
Szanghaj;2026-05-11;1425;12
Rzym;2026-10-20;2380;13
Warszawa;2026-05-30;2505;27
Melbourne;2026-02-16;1556;17
Melbourne;2026-06-07;648;11
Hurghada;2026-10-13;2777;7
Split;2025-12-22;2644;14
Walencja;2026-04-13;2569;20
Antwerpia;2026-05-19;1132;20
Praga;2026-02-06;2347;11
Ostrawa;2025-12-08;2738;16
Cork;2026-03-16;2988;11
Ateny;2026-04-10;329;13
Antwerpia;2026-05-19;277;15
Sztokholm;2026-05-30;1484;22
Hurghada;2026-10-13;1880;26
Paryż;2025-12-16;2704;22
Walencja;2026-04-13;455;32
Hammamet;2025-12-17;765;7
Kair;2026-04-03;2912;7
Walencja;2026-04-13;2352;27
Monachium;2026-06-11;2383;2
Dublin;2026-01-09;2437;8
Hammamet;2026-10-09;2988;13
Walencja;2026-06-27;1282;5
Gdańsk;2026-09-22;1342;1
Nowy Jork;2025-11-12;1422;27
Marrakesz;2026-07-25;1383;26
Hammamet;2025-12-17;1049;8
Praga;2026-04-04;1628;14
Nowy Jork;2025-11-12;1320;16
Warszawa;2026-06-15;1755;22
Bruksela;2026-03-17;1613;7
Cork;2026-07-17;1378;5
Hammamet;2026-02-02;523;8
Hammamet;2026-02-19;2162;37
Casablanca;2026-05-06;1027;2
Los Angeles;2026-03-27;1312;22
Dublin;2025-11-14;647;29
Gdańsk;2026-09-22;407;9
Osaka;2026-07-12;2375;11
Marrakesz;2026-07-25;1892;11
Dublin;2025-12-06;2134;20
Tokio;2025-11-09;2454;11
Genewa;2026-03-11;1866;16
Walencja;2026-05-09;2155;6
Walencja;2026-05-09;1016;2
Oslo;2026-09-04;2845;28
Lizbona;2026-05-05;566;15
Walencja;2026-05-09;352;1
Paryż;2026-07-27;1911;2
Paryż;2026-07-27;1826;3
Warszawa;2025-12-25;963;17
Szanghaj;2026-06-13;353;28
Ostrawa;2026-07-29;1422;19
Antwerpia;2026-08-23;1572;5
Warszawa;2026-06-15;2061;6
Walencja;2026-06-27;749;9
Paryż;2025-12-16;2117;13
Ostrawa;2025-12-02;865;26
Praga;2026-06-25;2079;29
Walencja;2026-06-27;1580;17
Warszawa;2026-01-24;2525;4
Melbourne;2026-06-07;2816;11
Bruksela;2026-07-17;1951;6
Paryż;2026-01-13;590;18
Paryż;2026-07-16;775;33
Walencja;2026-04-13;1268;17
Monachium;2026-08-08;1164;10
Sztokholm;2026-03-18;1436;6
Rzym;2026-10-10;2546;1
Ostrawa;2026-07-29;1167;23
Lizbona;2026-05-05;2935;23
Bergen;2026-10-27;2258;13
Hammamet;2025-12-17;1473;14
Praga;2026-04-04;1408;26
Wenecja;2026-07-02;2717;20
Marrakesz;2026-07-25;827;13
Gdańsk;2026-07-24;2681;17
Wenecja;2026-07-02;2128;7
Oslo;2026-09-04;2401;26
Osaka;2026-07-12;2986;21
Oslo;2026-09-04;2640;8
Bruksela;2026-06-29;1681;7
Pekin;2026-06-08;2510;7
Bergen;2026-07-20;2270;34
Marrakesz;2026-08-05;2545;11
Los Angeles;2026-03-27;2331;29
Sztokholm;2026-05-30;676;30
Melbourne;2025-11-27;572;7
Paryż;2026-01-13;2024;33
Lizbona;2026-05-05;2071;9
Antwerpia;2026-08-23;436;25
Nowy Jork;2025-11-12;289;7
Bruksela;2026-03-17;1242;5
Ostrawa;2025-12-18;385;9
Porto;2026-06-18;1611;1
Praga;2026-07-20;482;17
Walencja;2026-04-13;329;33
Warszawa;2026-06-15;2827;6
Praga;2026-06-25;2845;34
Hurghada;2026-10-13;2037;7
Monachium;2026-06-11;1738;4
Bruksela;2026-06-29;2408;11
Dublin;2025-11-14;2876;9
Hammamet;2026-02-19;1809;48
Kair;2025-12-15;721;13
Praga;2026-06-25;293;43
Melbourne;2026-02-16;2096;16
Melbourne;2026-06-07;1753;10
Marrakesz;2026-09-06;1213;2
Gdańsk;2026-07-24;662;11
Split;2026-10-21;2904;12
Hurghada;2026-10-13;264;5
Ateny;2026-05-18;1044;6
Pekin;2026-10-03;2648;9
Melbourne;2026-06-07;399;12
Ateny;2026-04-10;1159;16
Los Angeles;2026-06-03;1089;3
Oslo;2026-09-04;2263;22
Warszawa;2026-01-24;1159;3
Praga;2026-06-25;2954;13
Praga;2026-08-22;1170;4
Melbourne;2026-02-16;2335;33
Marrakesz;2026-07-25;1893;2
Melbourne;2026-02-16;2623;17
Szanghaj;2026-05-11;917;14
Ostrawa;2025-12-08;392;11
Hammamet;2026-02-19;2835;13
Osaka;2026-07-12;1905;10
Hurghada;2026-04-18;811;29
Melbourne;2026-02-16;2139;9
Ateny;2026-05-18;1123;24
Melbourne;2026-02-16;2096;21
Lizbona;2026-05-05;2503;14
Hurghada;2026-04-18;749;33
Monachium;2026-08-08;1194;7
Osaka;2026-01-08;2042;5
Wenecja;2026-07-02;578;20
Los Angeles;2026-03-27;1299;23
Monachium;2026-06-11;2959;2
Sydney;2025-11-05;970;3
Oslo;2026-01-07;2606;7
Praga;2026-02-06;1055;6
Dublin;2025-12-06;1441;17
Ostrawa;2026-07-29;680;26
Szanghaj;2026-06-13;2161;18
Ateny;2026-04-10;1824;13
Ateny;2026-05-18;2461;6
Praga;2026-08-22;2385;6
Walencja;2026-05-09;1671;2
Melbourne;2026-03-20;2236;13
Gdańsk;2026-10-20;603;34
Praga;2026-02-06;1032;1
Wenecja;2026-07-02;1481;14
Hurghada;2026-04-18;797;39
Split;2026-03-29;1268;4
Nowy Jork;2026-06-13;1910;34
Warszawa;2026-01-24;824;2
Marrakesz;2026-08-05;1206;7
Warszawa;2025-12-25;2455;24
Walencja;2026-05-09;2201;4
Praga;2026-02-06;2828;6
Szanghaj;2026-05-11;1642;7
Genewa;2026-01-16;773;4
Praga;2026-02-06;2420;6
Walencja;2026-06-27;440;16
Kair;2025-12-15;2937;13
Lizbona;2025-11-14;226;16
Hurghada;2026-04-18;478;30
Hammamet;2025-12-17;818;20
Ostrawa;2026-07-29;447;26
Gdańsk;2026-08-18;2812;5
Osaka;2026-07-12;2900;29
Warszawa;2026-05-30;264;10
Ostrawa;2025-12-18;268;5
Kair;2025-12-15;1325;6
Los Angeles;2026-03-27;2960;26
Porto;2026-01-26;934;3
Tokio;2026-01-01;1187;15
Marrakesz;2026-09-08;2738;17
Kair;2025-12-15;1825;7
Bruksela;2026-06-29;1728;20
Bruksela;2026-07-17;1125;6
Melbourne;2026-02-16;530;19
Walencja;2026-05-09;329;5
Bruksela;2026-05-10;1860;18
Monachium;2026-06-11;2808;2
Ostrawa;2026-07-29;901;32
Bruksela;2026-06-29;1556;8
Antwerpia;2026-08-23;590;22
Kair;2025-12-15;2521;9
Walencja;2026-04-13;1310;18
Split;2026-02-13;1348;12
Los Angeles;2026-06-03;2508;4
Osaka;2026-02-27;1488;26
Split;2026-03-29;1048;4
Rzym;2026-10-20;1831;32
Pekin;2026-06-08;1425;13
Genewa;2026-03-11;1793;11
Melbourne;2026-06-07;2414;9
Dublin;2025-12-06;521;11
Paryż;2025-12-16;1616;21
Lizbona;2025-11-14;511;17
Dublin;2026-01-09;2678;8
Cork;2026-07-17;1536;2
Split;2025-12-22;2797;14
Ostrawa;2025-12-02;1134;26
Hammamet;2026-10-09;2465;12
Monachium;2026-06-11;2906;1
Monachium;2026-06-11;551;3
Cork;2026-07-17;501;2
Bruksela;2026-06-29;1297;7
Rzym;2026-01-29;831;3
Szanghaj;2026-05-11;1795;14
Praga;2026-10-09;1462;11
Sztokholm;2026-05-30;1674;26
Oslo;2026-01-07;967;14
Porto;2026-01-26;2038;4
Nowy Jork;2025-11-12;307;15
Bruksela;2026-05-10;1649;16
Nowy Jork;2026-06-13;1528;33
Monachium;2026-08-08;250;10
Warszawa;2026-01-24;2491;1
Ateny;2026-04-10;2542;23
Kair;2026-04-03;768;8
Ostrawa;2025-12-02;1433;32
Ostrawa;2025-12-02;1980;20
Ostrawa;2026-03-12;1924;11
Melbourne;2026-02-16;1230;15
Ateny;2026-04-10;2760;17
Warszawa;2025-12-25;638;14
Dublin;2025-11-14;1447;16
Ostrawa;2025-12-18;2740;13
Monachium;2026-06-11;1549;2
Sztokholm;2026-05-30;2866;14
Sydney;2026-05-12;757;34
Melbourne;2026-02-16;1022;10
Walencja;2026-04-13;1486;38
Paryż;2026-07-27;1393;6
Szanghaj;2026-05-11;2792;7
Warszawa;2026-05-30;1534;27
Monachium;2026-06-11;1348;2
Bruksela;2026-03-17;1018;1
Rzym;2026-10-20;2434;38
Paryż;2026-07-16;2090;19
Hammamet;2025-12-17;1058;7
Sztokholm;2026-05-30;483;28
Hurghada;2026-04-18;2956;6
Warszawa;2025-12-25;1234;22
Osaka;2026-02-27;831;17
Hammamet;2026-02-02;2039;8
Sydney;2026-05-12;2162;24
Rzym;2026-10-10;1913;7
Los Angeles;2026-06-03;350;8
Wenecja;2026-02-21;2632;15
Ostrawa;2026-08-27;548;4
Tokio;2026-01-01;1654;11
Genewa;2026-01-16;2850;1
Gdańsk;2026-09-22;2974;19
Walencja;2026-06-27;1836;23
Oslo;2026-09-04;633;13
Ostrawa;2026-07-29;603;39
Osaka;2026-10-15;2485;21
Rzym;2026-10-10;2556;19
Marrakesz;2026-07-25;2983;8
Rzym;2026-10-20;2249;25
Rzym;2026-01-29;628;7
Warszawa;2026-01-24;1903;3
Bruksela;2026-06-29;780;25
Hammamet;2026-02-19;1477;40
Dublin;2026-01-09;2178;5
Hammamet;2026-02-19;2150;26
Tokio;2025-11-09;1506;5
Pekin;2026-10-03;1429;11
Split;2026-02-13;1605;8
Walencja;2026-06-27;647;14
Melbourne;2026-06-07;1199;14
Kair;2026-04-03;914;1
Nowy Jork;2026-06-13;2092;29
Marrakesz;2026-09-06;1859;7
Ostrawa;2025-12-08;1970;17
Bruksela;2026-03-17;319;7
